{
  "data": [{
    "key": "1",
    "thumbnail": "resources/images/ecommerce/001.jpg",
    "name": "Rounded Chair",
    "id": 2412,
    "type": "Furniture",
    "attribute": "Home",
    "sku": "ITEM-0001",
    "price": 67,
    "quantity": 421,
    "status": "Disabled"
  }, {
    "key": "2",
    "thumbnail": "resources/images/ecommerce/002.jpg",
    "name": "Scoop",
    "id": 262,
    "type": "Cleaning",
    "attribute": "Home",
    "sku": "ITEM-0002",
    "price": 35,
    "quantity": 124,
    "status": "Enabled"
  }, {
    "key": "3",
    "thumbnail": "resources/images/ecommerce/003.jpg",
    "name": "Pure Wooden chair",
    "id": 3255,
    "type": "Furniture",
    "attribute": "Home",
    "sku": "ITEM-0003",
    "price": 26,
    "quantity": 65,
    "status": "Enabled"
  }, {
    "key": "4",
    "thumbnail": "resources/images/ecommerce/004.jpg",
    "name": "Gray Chair",
    "id": 2362,
    "type": "Furniture",
    "attribute": "Home",
    "sku": "ITEM-0004",
    "price": 78,
    "quantity": 43,
    "status": "Enabled"
  }, {
    "key": "5",
    "thumbnail": "resources/images/ecommerce/001.jpg",
    "name": "Rounded Chair",
    "id": 2412,
    "type": "Furniture",
    "attribute": "Home",
    "sku": "ITEM-0001",
    "price": 67,
    "quantity": 421,
    "status": "Disabled"
  }, {
    "key": "6",
    "thumbnail": "resources/images/ecommerce/002.jpg",
    "name": "Scoop",
    "id": 262,
    "type": "Cleaning",
    "attribute": "Home",
    "sku": "ITEM-0002",
    "price": 35,
    "quantity": 124,
    "status": "Enabled"
  }, {
    "key": "7",
    "thumbnail": "resources/images/ecommerce/003.jpg",
    "name": "Pure Wooden chair",
    "id": 3255,
    "type": "Furniture",
    "attribute": "Home",
    "sku": "ITEM-0003",
    "price": 26,
    "quantity": 65,
    "status": "Enabled"
  }, {
    "key": "8",
    "thumbnail": "resources/images/ecommerce/004.jpg",
    "name": "Gray Chair",
    "id": 2362,
    "type": "Furniture",
    "attribute": "Home",
    "sku": "ITEM-0004",
    "price": 78,
    "quantity": 43,
    "status": "Enabled"
  }, {
    "key": "9",
    "thumbnail": "resources/images/ecommerce/001.jpg",
    "name": "Rounded Chair",
    "id": 2412,
    "type": "Furniture",
    "attribute": "Home",
    "sku": "ITEM-0001",
    "price": 67,
    "quantity": 421,
    "status": "Disabled"
  }, {
    "key": "10",
    "thumbnail": "resources/images/ecommerce/002.jpg",
    "name": "Scoop",
    "id": 262,
    "type": "Cleaning",
    "attribute": "Home",
    "sku": "ITEM-0002",
    "price": 35,
    "quantity": 124,
    "status": "Enabled"
  }, {
    "key": "11",
    "thumbnail": "resources/images/ecommerce/003.jpg",
    "name": "Pure Wooden chair",
    "id": 3255,
    "type": "Furniture",
    "attribute": "Home",
    "sku": "ITEM-0003",
    "price": 26,
    "quantity": 65,
    "status": "Enabled"
  }, {
    "key": "12",
    "thumbnail": "resources/images/ecommerce/004.jpg",
    "name": "Gray Chair",
    "id": 2362,
    "type": "Furniture",
    "attribute": "Home",
    "sku": "ITEM-0004",
    "price": 78,
    "quantity": 43,
    "status": "Enabled"
  }, {
    "key": "13",
    "thumbnail": "resources/images/ecommerce/001.jpg",
    "name": "Rounded Chair",
    "id": 2412,
    "type": "Furniture",
    "attribute": "Home",
    "sku": "ITEM-0001",
    "price": 67,
    "quantity": 421,
    "status": "Disabled"
  }, {
    "key": "14",
    "thumbnail": "resources/images/ecommerce/002.jpg",
    "name": "Scoop",
    "id": 262,
    "type": "Cleaning",
    "attribute": "Home",
    "sku": "ITEM-0002",
    "price": 35,
    "quantity": 124,
    "status": "Enabled"
  }, {
    "key": "15",
    "thumbnail": "resources/images/ecommerce/003.jpg",
    "name": "Pure Wooden chair",
    "id": 3255,
    "type": "Furniture",
    "attribute": "Home",
    "sku": "ITEM-0003",
    "price": 26,
    "quantity": 65,
    "status": "Enabled"
  }, {
    "key": "16",
    "thumbnail": "resources/images/ecommerce/004.jpg",
    "name": "Gray Chair",
    "id": 2362,
    "type": "Furniture",
    "attribute": "Home",
    "sku": "ITEM-0004",
    "price": 78,
    "quantity": 43,
    "status": "Enabled"
  }]
}
