{
  "images": [{
    "path": "resources/images/photos/1.jpeg",
    "editable": false
  }, {
    "path": "resources/images/photos/2.jpeg",
    "editable": true
  }, {
    "path": "resources/images/photos/3.jpeg",
    "editable": false
  }, {
    "path": "resources/images/photos/1.jpeg",
    "editable": false
  }, {
    "path": "resources/images/photos/5.jpeg",
    "editable": true
  }, {
    "path": "resources/images/photos/1.jpeg",
    "editable": false
  }, {
    "path": "resources/images/photos/2.jpeg",
    "editable": true
  }, {
    "path": "resources/images/photos/3.jpeg",
    "editable": false
  }, {
    "path": "resources/images/photos/4.jpeg",
    "editable": false
  }, {
    "path": "resources/images/photos/5.jpeg",
    "editable": true
  }, {
    "path": "resources/images/photos/1.jpeg",
    "editable": false
  }, {
    "path": "resources/images/photos/5.jpeg",
    "editable": true
  }, {
    "path": "resources/images/photos/3.jpeg",
    "editable": false
  }, {
    "path": "resources/images/photos/4.jpeg",
    "editable": false
  }, {
    "path": "resources/images/photos/5.jpeg",
    "editable": true
  }, {
    "path": "resources/images/photos/1.jpeg",
    "editable": false
  }, {
    "path": "resources/images/photos/2.jpeg",
    "editable": true
  }, {
    "path": "resources/images/photos/3.jpeg",
    "editable": false
  }, {
    "path": "resources/images/photos/2.jpeg",
    "editable": false
  }, {
    "path": "resources/images/photos/5.jpeg",
    "editable": true
  }]
}
