{
  "user": {
    "name": "Helen Maggie",
    "link": "@helen_m",
    "avatar": "resources/images/avatars/5.jpg",
    "cover": "resources/images/photos/6.jpeg",
    "mind": "Clean. Simple. Responsive",
    "description": "Lorem Ipsum is simply dummy text of the printing and typesetting industry. Lorem Ipsum has been the industry's standard dummy text ever since the 1500s. Lorem Ipsum is simply dummy text of the printing and typesetting industry. Lorem Ipsum has been the industry's standard dummy text ever since the 1500s."
  }
}
